"Turn","InvokeMs","PageLabelMs","Label"
"1","9.3","31.6","Page 2 of 900"
"2","1.8","279","Page 3 of 900"
"3","1.2","231.3","Page 4 of 900"
"4","0.9","16.9","Page 5 of 900"
"5","1.4","111.5","Page 6 of 900"
"6","1","248.7","Page 7 of 900"
"7","1","175.5","Page 8 of 900"
"8","1.3","215.7","Page 9 of 900"
"9","1.2","16.5","Page 10 of 900"
"10","1","91.7","Page 11 of 900"
"11","1","290.4","Page 12 of 900"
"12","1","22.3","Page 13 of 900"
"13","1","63.7","Page 14 of 900"
"14","1.1","45.5","Page 15 of 900"
"15","1.5","125","Page 16 of 900"
"16","1","27.7","Page 17 of 900"
"17","0.9","29.6","Page 18 of 900"
"18","1","115","Page 19 of 900"
"19","1.2","264","Page 20 of 900"
"20","1.3","63.1","Page 21 of 900"
"21","2.7","231.5","Page 22 of 900"
"22","1.6","37.9","Page 23 of 900"
"23","6.4","40.3","Page 24 of 900"
"24","1","45.5","Page 25 of 900"
"25","1.1","93.6","Page 26 of 900"
"26","1.3","48.7","Page 27 of 900"
"27","1","43.2","Page 28 of 900"
"28","1","15","Page 29 of 900"
"29","0.9","15.5","Page 30 of 900"
"30","2.9","93.8","Page 31 of 900"
"31","0.8","216.1","Page 32 of 900"
"32","1","59.1","Page 33 of 900"
"33","1.1","79","Page 34 of 900"
"34","0.9","364.9","Page 35 of 900"
"35","1.3","75.3","Page 36 of 900"
"36","0.9","29","Page 37 of 900"
"37","1.1","40.1","Page 38 of 900"
"38","1.4","101.2","Page 39 of 900"
"39","1.7","172.4","Page 40 of 900"
"40","1.2","30.6","Page 41 of 900"
"41","1.2","30","Page 42 of 900"
"42","1.3","29.9","Page 43 of 900"
"43","3.7","76.4","Page 44 of 900"
"44","1.2","294.5","Page 45 of 900"
"45","2.1","90.1","Page 46 of 900"
"46","1.4","120.6","Page 47 of 900"
"47","0.9","168.8","Page 48 of 900"
"48","0.9","29","Page 49 of 900"
"49","1.1","109.6","Page 50 of 900"
"50","1.1","12","Page 51 of 900"
"51","0.9","26.9","Page 52 of 900"
"52","0.9","20.7","Page 53 of 900"
"53","1.5","14.3","Page 54 of 900"
"54","0.9","22.5","Page 55 of 900"
"55","1","46.6","Page 56 of 900"
"56","5.3","105.7","Page 57 of 900"
"57","0.9","185.4","Page 58 of 900"
"58","1.2","149.6","Page 59 of 900"
"59","1.5","61.1","Page 60 of 900"
"60","1.1","24.1","Page 61 of 900"
"61","6.5","103.3","Page 62 of 900"
"62","1","24.7","Page 63 of 900"
"63","1.7","77.1","Page 64 of 900"
"64","1.1","28.2","Page 65 of 900"
"65","1.1","81.2","Page 66 of 900"
"66","1.6","29.2","Page 67 of 900"
"67","2.1","90.6","Page 68 of 900"
"68","1","229.2","Page 69 of 900"
"69","1.4","22.1","Page 70 of 900"
"70","0.9","22.7","Page 71 of 900"
"71","1","83.9","Page 72 of 900"
"72","0.9","31.8","Page 73 of 900"
"73","0.9","173.7","Page 74 of 900"
"74","0.8","14.6","Page 75 of 900"
"75","1","29.5","Page 76 of 900"
"76","1.9","40.4","Page 77 of 900"
"77","2.6","31.3","Page 78 of 900"
"78","0.9","60.6","Page 79 of 900"
"79","1.4","44.8","Page 80 of 900"
"80","1.2","27.3","Page 81 of 900"
"81","1.1","31.6","Page 82 of 900"
"82","0.9","28.1","Page 83 of 900"
"83","1.4","33.5","Page 84 of 900"
"84","1","139.5","Page 85 of 900"
"85","1.1","372.8","Page 86 of 900"
"86","0.9","82.2","Page 87 of 900"
"87","1.3","107.9","Page 88 of 900"
"88","0.9","322","Page 89 of 900"
"89","1.2","46.1","Page 90 of 900"
"90","0.9","15.8","Page 91 of 900"
"91","0.9","61.5","Page 92 of 900"
"92","0.8","78.2","Page 93 of 900"
"93","0.9","217.8","Page 94 of 900"
"94","1","15.1","Page 95 of 900"
"95","0.9","28.4","Page 96 of 900"
"96","1.7","59.2","Page 97 of 900"
"97","0.8","30.2","Page 98 of 900"
"98","1.1","40.8","Page 99 of 900"
"99","0.9","55.9","Page 100 of 900"
"100","1.3","14.2","Page 101 of 900"
"101","1.1","24.5","Page 102 of 900"
"102","1","15.6","Page 103 of 900"
"103","1","20.7","Page 104 of 900"
"104","1.8","25.5","Page 105 of 900"
"105","1","14.8","Page 106 of 900"
"106","1.1","13.9","Page 107 of 900"
"107","0.9","16","Page 108 of 900"
"108","0.9","153","Page 109 of 900"
"109","3.3","210.4","Page 110 of 900"
"110","2","88.5","Page 111 of 900"
"111","1.4","129.7","Page 112 of 900"
"112","0.9","261.5","Page 113 of 900"
"113","1","14.5","Page 114 of 900"
"114","1.1","33.5","Page 115 of 900"
"115","1.2","29.9","Page 116 of 900"
"116","0.9","10.6","Page 117 of 900"
"117","1.4","110.7","Page 118 of 900"
"118","1","341.5","Page 119 of 900"
"119","1.2","60.1","Page 120 of 900"
"120","1","20.8","Page 121 of 900"
"121","0.9","14.3","Page 122 of 900"
"122","0.9","44.8","Page 123 of 900"
"123","0.8","27.9","Page 124 of 900"
"124","1.1","13.5","Page 125 of 900"
"125","1","18.3","Page 126 of 900"
"126","1.7","86.4","Page 127 of 900"
"127","1.8","228","Page 128 of 900"
"128","4.8","107.2","Page 129 of 900"
"129","0.9","343.2","Page 130 of 900"
"130","2","204.8","Page 131 of 900"
"131","0.8","31.3","Page 132 of 900"
"132","6.2","22.4","Page 133 of 900"
"133","1.1","13.9","Page 134 of 900"
"134","0.9","30.5","Page 135 of 900"
"135","1","26.7","Page 136 of 900"
"136","1.2","14.8","Page 137 of 900"
"137","1.2","29.7","Page 138 of 900"
"138","1","25.5","Page 139 of 900"
"139","1.1","92","Page 140 of 900"
"140","0.9","231.8","Page 141 of 900"
"141","0.9","48.6","Page 142 of 900"
"142","1.1","75.4","Page 143 of 900"
"143","0.8","45","Page 144 of 900"
"144","1.2","37","Page 145 of 900"
"145","0.9","45.7","Page 146 of 900"
"146","1.7","29.7","Page 147 of 900"
"147","0.8","28.4","Page 148 of 900"
"148","1","91.2","Page 149 of 900"
"149","1.1","230.7","Page 150 of 900"
"150","0.9","15.4","Page 151 of 900"
"151","0.9","37.2","Page 152 of 900"
"152","1.2","13.6","Page 153 of 900"
"153","1.1","91.1","Page 154 of 900"
"154","0.9","275.4","Page 155 of 900"
"155","1.3","45.1","Page 156 of 900"
"156","0.8","46.7","Page 157 of 900"
"157","0.9","123.7","Page 158 of 900"
"158","1","217.7","Page 159 of 900"
"159","1.1","76","Page 160 of 900"
"160","1.2","248.8","Page 161 of 900"
"161","1","13.5","Page 162 of 900"
"162","1","13","Page 163 of 900"
"163","1","14.4","Page 164 of 900"
"164","1.1","26.7","Page 165 of 900"
"165","1.2","14.3","Page 166 of 900"
"166","1.1","14.7","Page 167 of 900"
"167","0.9","20.6","Page 168 of 900"
"168","1.3","46.3","Page 169 of 900"
"169","1.1","44","Page 170 of 900"
"170","1.1","28.9","Page 171 of 900"
"171","0.8","28.5","Page 172 of 900"
"172","0.9","138.7","Page 173 of 900"
"173","0.8","254.2","Page 174 of 900"
"174","0.8","31.4","Page 175 of 900"
"175","0.9","92.5","Page 176 of 900"
"176","0.8","241.3","Page 177 of 900"
"177","1","69.2","Page 178 of 900"
"178","1","15.3","Page 179 of 900"
"179","1.2","17.6","Page 180 of 900"
"180","0.9","65","Page 181 of 900"
"181","1.1","26","Page 182 of 900"
"182","1.4","28.4","Page 183 of 900"
"183","0.9","14.8","Page 184 of 900"
"184","1","61.3","Page 185 of 900"
"185","0.8","29.3","Page 186 of 900"
"186","0.9","15.1","Page 187 of 900"
"187","1.2","15.3","Page 188 of 900"
"188","0.9","44.2","Page 189 of 900"
"189","1","59.9","Page 190 of 900"
"190","0.8","13.4","Page 191 of 900"
"191","0.8","32.7","Page 192 of 900"
"192","0.9","14.3","Page 193 of 900"
"193","0.8","25.9","Page 194 of 900"
"194","1","28.5","Page 195 of 900"
"195","0.9","23","Page 196 of 900"
"196","0.9","105.7","Page 197 of 900"
"197","1","221.5","Page 198 of 900"
"198","0.8","34.5","Page 199 of 900"
"199","0.7","90","Page 200 of 900"
"200","1.9","229.3","Page 201 of 900"
"201","0.9","79.5","Page 202 of 900"
"202","0.8","232.9","Page 203 of 900"
"203","1","14.7","Page 204 of 900"
"204","0.9","81.8","Page 205 of 900"
"205","1.5","199.5","Page 206 of 900"
"206","1.3","69.1","Page 207 of 900"
"207","1","141.5","Page 208 of 900"
"208","0.9","61.7","Page 209 of 900"
"209","1.5","31.6","Page 210 of 900"
"210","1.9","94.4","Page 211 of 900"
"211","0.9","260.5","Page 212 of 900"
"212","1.3","30.3","Page 213 of 900"
"213","1.6","31.1","Page 214 of 900"
"214","2","86.3","Page 215 of 900"
"215","1","200.7","Page 216 of 900"
"216","0.9","56.4","Page 217 of 900"
"217","0.9","30.1","Page 218 of 900"
"218","1.2","37.7","Page 219 of 900"
"219","0.9","30.8","Page 220 of 900"
"220","0.8","29.9","Page 221 of 900"
